mcc,mcc_description,mcc_segment,mcc_segment_description
3015,SWISSAIR,1,Airlines
3021,AIR ALGERIE,1,Airlines
3231,SASHA SERVICIO AERO DE HONDURAS,1,Airlines
3034,AUSTRAINLIAN AIRLINES,1,Airlines
3172,NATIONAIR,1,Airlines
3266,AIR SEYCHELLES,1,Airlines
3040,GULF AIR (BAHRAIN),1,Airlines
3010,KLM (ROYAL DUTCH AIRLINES),1,Airlines
3100,MALAYSIAN AIRLINE SYSTEM,1,Airlines
3135,SUDAN AIRWAYS,1,Airlines
3106,BRAATHENS S.A.F.E. (NORWAY),1,Airlines
3184,LIAT,1,Airlines
3267,AIR PANAMA,1,Airlines
3298,AIR MAURITIUS,1,Airlines
3024,PAKISTAN INTERNATIONAL,1,Airlines
3035,TAP (PORTUGAL),1,Airlines
3022,PHILIPPINE AIRLINES,1,Airlines
3012,QUANTAS,1,Airlines
3186,LAP (PARAGUAY),1,Airlines
3187,LACSA (COSTA RICA),1,Airlines
3235,BROKWAY AIR,1,Airlines
3254,TRUMP AIRLINE,1,Airlines
3017,SOUTH AFRICAN AIRWAYS,1,Airlines
3024,PAKISTAN INTERNATIONAL,1,Airlines
3102,IBERIA,1,Airlines
3018,VARIG (BRAZIL),1,Airlines
3043,AER LINGUS,1,Airlines
3041,BALKAN-BULGARIAN AIRLINES,1,Airlines
3031,OLYMPIC AIRWAYS,1,Airlines
3170,NOUNT COOK,1,Airlines
3191,ISLAND AIRLINES,1,Airlines
3251,ALOHA AIRLINES,1,Airlines
3282,AIR DJIBOUTI,1,Airlines
3007,AIR FRANCE,1,Airlines
3028,AIR MALTA,1,Airlines
3037,EGYPTAIR,1,Airlines
3103,GARUDA (INDONESIA),1,Airlines
3161,ALL NIPPON AIRWAYS,1,Airlines
3145,SAN JUAN AIRLINES,1,Airlines
3165,NEW YORK HELICOPTER,1,Airlines
3203,GOLDEN PACIFIC AIR,1,Airlines
3212,DOMINICANA,1,Airlines
3221,TRANSPORTES AEROS MILITARES ECCUATORANOS,1,Airlines
3011,AEORFLOT,1,Airlines
3032,EL AL,1,Airlines
3030,AEROLINEAS ARGENTINAS,1,Airlines
3033,ANSETT AIRLINES,1,Airlines
3027,UTA/INTERAIR,1,Airlines
3234,BWIA,1,Airlines
3233,CAPITOL AIR,1,Airlines
3285,AERO PERU,1,Airlines
3013,ALITALIA,1,Airlines
3001,AMERICAN AIRLINES,1,Airlines
3039,AVIANCA,1,Airlines
3018,VARIG (BRAZIL),1,Airlines
3222,COMMAND AIRWAYS,1,Airlines
3006,JAPAN AIRLINES,1,Airlines
3028,AIR MALTA,1,Airlines
3004,TRANS WORLD AIRLINES,1,Airlines
3012,QUANTAS,1,Airlines
3014,SAUDIA ARABIAN AIRLINES,1,Airlines
3030,AEROLINEAS ARGENTINAS,1,Airlines
3137,SINGLETON,1,Airlines
3193,INDIAN AIRLINES,1,Airlines
3185,LAV (VENEZUELA),1,Airlines
3215,DAN AIR SERVICES,1,Airlines
3223,COMAIR,1,Airlines
3239,BAR HARBOR AIRLINES,1,Airlines
3261,AIR CHINA,1,Airlines
3295,KENYA AIRLINES,1,Airlines
3000,UNITED AIRLINES,1,Airlines
3117,VIASA,1,Airlines
3178,MESA AIR,1,Airlines
3010,KLM (ROYAL DUTCH AIRLINES),1,Airlines
3027,UTA/INTERAIR,1,Airlines
3129,SURINAM AIRWAYS,1,Airlines
3192,IRAN AIR,1,Airlines
3299,WIDERO’S FLYVESELSKAP,1,Airlines
3029,SABENA,1,Airlines
3033,ANSETT AIRLINES,1,Airlines
3110,WINGS AIRWAYS,1,Airlines
3154,PRINCEVILLE,1,Airlines
3196,HAWAIIAN AIR,1,Airlines
3259,AMERICAN TRANS AIR,1,Airlines
3025,AIR NEW ZEALAND,1,Airlines
3005,BRITISH AIRWAYS,1,Airlines
3133,SUNBELT AIRLINES,1,Airlines
3111,BRITISH MIDLAND,1,Airlines
3171,CANADIAN AIRLINES INTERNATIONAL,1,Airlines
3220,COMPANIA FAUCETT,1,Airlines
3025,AIR NEW ZEALAND,1,Airlines
3164,NORONTAIR,1,Airlines
3190,JUGOSLAV AIR,1,Airlines
3006,JAPAN AIRLINES,1,Airlines
3038,KUWAIT AIRLINES,1,Airlines
3008,LUFTHANSA,1,Airlines
3036,VASP (BRAZIL),1,Airlines
3005,BRITISH AIRWAYS,1,Airlines
3013,ALITALIA,1,Airlines
3151,AIR ZAIRE,1,Airlines
3229,SAETA SOCIAEDAD ECUATORIANOS DE TRANSPORTES AEREOS,1,Airlines
3014,SAUDIA ARABIAN AIRLINES,1,Airlines
3031,OLYMPIC AIRWAYS,1,Airlines
3037,EGYPTAIR,1,Airlines
3034,AUSTRAINLIAN AIRLINES,1,Airlines
3130,SUN WORLD INTERNATIONAL,1,Airlines
3176,METROFLIGHT AIRLINES,1,Airlines
3144,VIRGIN ATLANTIC,1,Airlines
3016,SAS,1,Airlines
3035,TAP (PORTUGAL),1,Airlines
3219,COPA,1,Airlines
3243,AUSTRIAN AIR SERVICE,1,Airlines
3242,AVENSA,1,Airlines
3253,AMERICA WEST,1,Airlines
3146,LUXAIR,1,Airlines
3197,HAVASU AIRLINES,1,Airlines
3238,BEMIDJI AIRLINES,1,Airlines
3017,SOUTH AFRICAN AIRWAYS,1,Airlines
3125,TAN,1,Airlines
3240,BAHAMASAIR,1,Airlines
3262,"RENO AIR, INC.",1,Airlines
3241,AVIATECA (GUATEMALA),1,Airlines
3007,AIR FRANCE,1,Airlines
3042,FINNAIR,1,Airlines
3218,CROWN AIR,1,Airlines
3252,ALM,1,Airlines
3287,AERO COACH AVAIATION,1,Airlines
3286,AEROLINEAS NICARAGUENSIS,1,Airlines
3021,AIR ALGERIE,1,Airlines
3023,MEXICANA,1,Airlines
3036,VASP (BRAZIL),1,Airlines
3009,AIR CANADA,1,Airlines
3023,MEXICANA,1,Airlines
3029,SABENA,1,Airlines
3112,WINDWARD ISLAND,1,Airlines
3182,LOT (POLAND),1,Airlines
3292,CYPRUS AIRWAYS,1,Airlines
3020,AIR-INDIA,1,Airlines
3159,PBA,1,Airlines
3138,SIMMONS AIRLINES,1,Airlines
3002,PAN AMERICAN,1,Airlines
3204,FREEDOM AIR,1,Airlines
3294,ETHIOPIAN AIRLINES,1,Airlines
3284,AERO VIRGIN ISLANDS,1,Airlines
3009,AIR CANADA,1,Airlines
3015,SWISSAIR,1,Airlines
3020,AIR-INDIA,1,Airlines
3032,EL AL,1,Airlines
3039,AVIANCA,1,Airlines
3118,VALLEY AIRLINES,1,Airlines
3004,TRANS WORLD AIRLINES,1,Airlines
3016,SAS,1,Airlines
3002,PAN AMERICAN,1,Airlines
3000,UNITED AIRLINES,1,Airlines
3001,AMERICAN AIRLINES,1,Airlines
3228,CAYMAN AIRWAYS,1,Airlines
3008,LUFTHANSA,1,Airlines
3038,KUWAIT AIRLINES,1,Airlines
3181,MALEV,1,Airlines
3200,FUYANA AIRWAYS,1,Airlines
3280,AIR JAMAICA,1,Airlines
3291,ARIANA AFGHAN,1,Airlines
3011,AEORFLOT,1,Airlines
3127,TACA INTERNATIONAL,1,Airlines
3216,CUMBERLAND AIRLINES,1,Airlines
3256,ALASKA AIRLINES,1,Airlines
3022,PHILIPPINE AIRLINES,1,Airlines
3126,TALAIR,1,Airlines
3143,SCENIC AIRLINES,1,Airlines
3217,CSA,1,Airlines
3065,AIRINTER,1,Airlines
3075,SINGAPORE AIRLINES,1,Airlines
3078,CHINA AIRLINES,1,Airlines
3089,TRANSAERO,1,Airlines
3053,AVIACO (SPAIN),1,Airlines
3094,ZAMBIA AIRWAYS,1,Airlines
3076,AEROMEXICO,1,Airlines
3085,"MIDWEST EXPRESS AIRLINES, INC.",1,Airlines
3050,ICELANDAIR,1,Airlines
3047,THY (TURKEY),1,Airlines
3088,CROATIA AIRLINES,1,Airlines
3048,ROYAL AIR MAROC,1,Airlines
3083,AIR AFRIGUE,1,Airlines
3066,SOUTHWEST,1,Airlines
3061,CONTINENTAL,1,Airlines
3081,NORDAIR,1,Airlines
3049,TUNIS AIR,1,Airlines
3062,WESTERN,1,Airlines
3056,QUEBECAIRE,1,Airlines
3055,LAB (BOLIVIA),1,Airlines
3082,KOREAN AIRLINES,1,Airlines
3051,AUSTRIAN AIRLINES,1,Airlines
3044,AIR LANKA,1,Airlines
3045,NIGERIA AIRWAYS,1,Airlines
3077,THAI AIRWAYS,1,Airlines
3087,METRO AIRLINES,1,Airlines
3057,EASTWEST AIRLINES (AUSTRALIA),1,Airlines
3071,AIR BRITISH COLUBIA,1,Airlines
3096,AIR ZIMBABWE,1,Airlines
3060,NORTHWEST,1,Airlines
3058,DELTA,1,Airlines
3046,CRUZEIRO DO SUL (BRAZIJ),1,Airlines
3084,EVA AIRLINES,1,Airlines
3052,LANCHILE,1,Airlines
3063,US AIR,1,Airlines
3099,CATHAY PACIFIC,1,Airlines
3054,LADECO (CHILE),1,Airlines
3040,GULF AIR (BAHRAIN),1,Airlines
3043,AER LINGUS,1,Airlines
3041,BALKAN-BULGARIAN AIRLINES,1,Airlines
3060,NORTHWEST,1,Airlines
3077,THAI AIRWAYS,1,Airlines
3081,NORDAIR,1,Airlines
3099,CATHAY PACIFIC,1,Airlines
3087,METRO AIRLINES,1,Airlines
3144,VIRGIN ATLANTIC,1,Airlines
3186,LAP (PARAGUAY),1,Airlines
3165,NEW YORK HELICOPTER,1,Airlines
3178,MESA AIR,1,Airlines
3293,ECUATORIANA,1,Airlines
3216,CUMBERLAND AIRLINES,1,Airlines
3191,ISLAND AIRLINES,1,Airlines
3243,AUSTRIAN AIR SERVICE,1,Airlines
3235,BROKWAY AIR,1,Airlines
3285,AERO PERU,1,Airlines
3267,AIR PANAMA,1,Airlines
3259,AMERICAN TRANS AIR,1,Airlines
3282,AIR DJIBOUTI,1,Airlines
3298,AIR MAURITIUS,1,Airlines
3055,LAB (BOLIVIA),1,Airlines
3065,AIRINTER,1,Airlines
3076,AEROMEXICO,1,Airlines
3094,ZAMBIA AIRWAYS,1,Airlines
3118,VALLEY AIRLINES,1,Airlines
3135,SUDAN AIRWAYS,1,Airlines
3145,SAN JUAN AIRLINES,1,Airlines
3215,DAN AIR SERVICES,1,Airlines
3251,ALOHA AIRLINES,1,Airlines
3239,BAR HARBOR AIRLINES,1,Airlines
3242,AVENSA,1,Airlines
3292,CYPRUS AIRWAYS,1,Airlines
3103,GARUDA (INDONESIA),1,Airlines
3117,VIASA,1,Airlines
3102,IBERIA,1,Airlines
3182,LOT (POLAND),1,Airlines
3187,LACSA (COSTA RICA),1,Airlines
3171,CANADIAN AIRLINES INTERNATIONAL,1,Airlines
3164,NORONTAIR,1,Airlines
3228,CAYMAN AIRWAYS,1,Airlines
3295,KENYA AIRLINES,1,Airlines
3111,BRITISH MIDLAND,1,Airlines
3100,MALAYSIAN AIRLINE SYSTEM,1,Airlines
3084,EVA AIRLINES,1,Airlines
3184,LIAT,1,Airlines
3233,CAPITOL AIR,1,Airlines
3284,AERO VIRGIN ISLANDS,1,Airlines
3294,ETHIOPIAN AIRLINES,1,Airlines
3078,CHINA AIRLINES,1,Airlines
3057,EASTWEST AIRLINES (AUSTRALIA),1,Airlines
3089,TRANSAERO,1,Airlines
3106,BRAATHENS S.A.F.E. (NORWAY),1,Airlines
3151,AIR ZAIRE,1,Airlines
3218,CROWN AIR,1,Airlines
3054,LADECO (CHILE),1,Airlines
3042,FINNAIR,1,Airlines
3047,THY (TURKEY),1,Airlines
3088,CROATIA AIRLINES,1,Airlines
3133,SUNBELT AIRLINES,1,Airlines
3193,INDIAN AIRLINES,1,Airlines
3229,SAETA SOCIAEDAD ECUATORIANOS DE TRANSPORTES AEREOS,1,Airlines
3262,"RENO AIR, INC.",1,Airlines
3056,QUEBECAIRE,1,Airlines
3050,ICELANDAIR,1,Airlines
3071,AIR BRITISH COLUBIA,1,Airlines
3061,CONTINENTAL,1,Airlines
3146,LUXAIR,1,Airlines
3219,COPA,1,Airlines
3217,CSA,1,Airlines
4511,Airlines and Air Carriers,1,Airlines
3212,DOMINICANA,1,Airlines
3254,TRUMP AIRLINE,1,Airlines
3256,ALASKA AIRLINES,1,Airlines
3052,LANCHILE,1,Airlines
3159,PBA,1,Airlines
3181,MALEV,1,Airlines
3238,BEMIDJI AIRLINES,1,Airlines
3286,AEROLINEAS NICARAGUENSIS,1,Airlines
3044,AIR LANKA,1,Airlines
3075,SINGAPORE AIRLINES,1,Airlines
3083,AIR AFRIGUE,1,Airlines
3137,SINGLETON,1,Airlines
3138,SIMMONS AIRLINES,1,Airlines
3196,HAWAIIAN AIR,1,Airlines
3197,HAVASU AIRLINES,1,Airlines
3062,WESTERN,1,Airlines
3266,AIR SEYCHELLES,1,Airlines
3280,AIR JAMAICA,1,Airlines
3287,AERO COACH AVAIATION,1,Airlines
3293,ECUATORIANA,1,Airlines
3045,NIGERIA AIRWAYS,1,Airlines
3082,KOREAN AIRLINES,1,Airlines
3112,WINDWARD ISLAND,1,Airlines
3130,SUN WORLD INTERNATIONAL,1,Airlines
3220,COMPANIA FAUCETT,1,Airlines
3240,BAHAMASAIR,1,Airlines
3046,CRUZEIRO DO SUL (BRAZIJ),1,Airlines
3049,TUNIS AIR,1,Airlines
3085,"MIDWEST EXPRESS AIRLINES, INC.",1,Airlines
3161,ALL NIPPON AIRWAYS,1,Airlines
3204,FREEDOM AIR,1,Airlines
3252,ALM,1,Airlines
3066,SOUTHWEST,1,Airlines
3096,AIR ZIMBABWE,1,Airlines
3192,IRAN AIR,1,Airlines
3231,SASHA SERVICIO AERO DE HONDURAS,1,Airlines
3234,BWIA,1,Airlines
3241,AVIATECA (GUATEMALA),1,Airlines
3063,US AIR,1,Airlines
3129,SURINAM AIRWAYS,1,Airlines
3154,PRINCEVILLE,1,Airlines
3126,TALAIR,1,Airlines
3176,METROFLIGHT AIRLINES,1,Airlines
3170,NOUNT COOK,1,Airlines
3185,LAV (VENEZUELA),1,Airlines
3203,GOLDEN PACIFIC AIR,1,Airlines
3291,ARIANA AFGHAN,1,Airlines
3053,AVIACO (SPAIN),1,Airlines
3143,SCENIC AIRLINES,1,Airlines
3172,NATIONAIR,1,Airlines
3253,AMERICA WEST,1,Airlines
3048,ROYAL AIR MAROC,1,Airlines
3222,COMMAND AIRWAYS,1,Airlines
3127,TACA INTERNATIONAL,1,Airlines
3200,FUYANA AIRWAYS,1,Airlines
3261,AIR CHINA,1,Airlines
3299,WIDERO’S FLYVESELSKAP,1,Airlines
3051,AUSTRIAN AIRLINES,1,Airlines
3190,JUGOSLAV AIR,1,Airlines
3125,TAN,1,Airlines
3223,COMAIR,1,Airlines
3110,WINGS AIRWAYS,1,Airlines
3221,TRANSPORTES AEROS MILITARES ECCUATORANOS,1,Airlines
3058,DELTA,1,Airlines
7929,"Bands, Orchestras, and Miscellaneous Entertainers - Not Elsewhere Classified",2,Amusement and Entertainment
7922,"Theatrical Producers (except Motion Pictures), and Ticket Agencies",2,Amusement and Entertainment
7832,Motion Picture Theaters,2,Amusement and Entertainment
7994,Video Game Arcades and Establishments,2,Amusement and Entertainment
7829,"Motion Picture, and Video Tape Production and Distribution",2,Amusement and Entertainment
7932,Billiard and Pool Establishments,2,Amusement and Entertainment
7032,Sporting and Recreational Camps,2,Amusement and Entertainment
7841,Video Tape Rental Stores,2,Amusement and Entertainment
7991,Tourist Attractions and Exhibits,2,Amusement and Entertainment
7933,Bowling Alleys,2,Amusement and Entertainment
7033,Trailer Parks and Campgrounds,2,Amusement and Entertainment
7997,"Membership Clubs (Sports, Recreation, Athletic), Country Clubs, and Private Golf Courses",2,Amusement and Entertainment
4411,Steamship and Cruise Lines,2,Amusement and Entertainment
7992,Public Golf Courses,2,Amusement and Entertainment
7012,Timeshares,2,Amusement and Entertainment
7993,Video Amusement Game Supplies,2,Amusement and Entertainment
7996,"Amusement Parks, Circuses, Carnivals, and Fortune Tellers",2,Amusement and Entertainment
7999,Recreation Services - Not Elsewhere Classified,2,Amusement and Entertainment
7911,"Dance Halls, Studios, and Schools",2,Amusement and Entertainment
7998,"Aquariums, Seaquariums, and Dolphinariums",2,Amusement and Entertainment
7941,"Commercial Sports, Professional Sports Clubs, Athletic Fields, and Sports Promoters",2,Amusement and Entertainment
8641,"Civic, Social, and Fraternal Associations",3,Associations
8675,Automobile Associations,3,Associations
8398,Charitable and Social Service Organizations,3,Associations
8661,Religious Organizations,3,Associations
8699,Membership Organizations - Not Elsewhere Classified,3,Associations
8651,Political Organizations,3,Associations
7512,Automobile Rental Agency,4,Auto Rental
5532,Automotive Tire Stores,5,Automobiles and Vehicles
5531,Automobile Supply Stores,5,Automobiles and Vehicles
5532,Automotive Tire Stores,5,Automobiles and Vehicles
5531,Automobile Supply Stores,5,Automobiles and Vehicles
5511,"Car and Truck Dealers (New and Used) - Sales, Service, Repairs, Parts, and Leasing",5,Automobiles and Vehicles
5521,"Car and Truck Dealers (Used Only) - Sales, Service, Repairs, Parts, and Leasing",5,Automobiles and Vehicles
5013,Motor Vehicle Supplies and New Parts,5,Automobiles and Vehicles
5592,Motor Home Dealers,5,Automobiles and Vehicles
5551,Boat Dealers,5,Automobiles and Vehicles
5599,"Miscellaneous Automotive, Aircraft, and Farm Equipment Dealers - Not Elsewhere Classified",5,Automobiles and Vehicles
5571,Motorcycle Shops and Dealers,5,Automobiles and Vehicles
5533,Auto Parts and Accessories Stores,5,Automobiles and Vehicles
5561,"Camper, Recreational, and Utility Trailer Dealers",5,Automobiles and Vehicles
7332,Blueprinting and Photocopying Services,6,Business Services
7332,Blueprinting and Photocopying Services,6,Business Services
7321,Consumer Credit Reporting Agencies,6,Business Services
7372,"Computer Programming, Data Processing, and Integrated Systems Design Services",6,Business Services
7375,Information Retrieval Services,6,Business Services
7393,"Detective Agencies, Protective Agencies, Security Services (including Armored Cars and Guard Dogs)",6,Business Services
7339,Stenographic and Secretarial Support Services,6,Business Services
7361,"Employment Agencies, and Temporary Help Services",6,Business Services
7519,Motor Home and Recreational Vehicle Rentals,6,Business Services
7394,"Equipment, Tool, Furniture, and Appliance Rental and Leasing",6,Business Services
7322,Debt Collection Agencies,6,Business Services
7513,Truck and Utility Trailer Rentals,6,Business Services
7349,"Cleaning, Maintenance, and Janitorial Services",6,Business Services
7395,"Photo Finishing Laboratories, and Photo Developing",6,Business Services
7342,Exterminating and Disinfecting Services,6,Business Services
7311,Advertising Services,6,Business Services
7338,"Quick Copy, Reproduction, and Blueprinting Services",6,Business Services
7333,"Commercial Photography, Art, and Graphics",6,Business Services
7379,Computer Maintenance and Repair Services – Not Elsewhere Classified,6,Business Services
7392,"Management, Consulting, and Public Relations Services",6,Business Services
7399,Business Services – Not Elsewhere Classified,6,Business Services
2842,"Specialty Cleaning, Polishing, and Sanitation Preparations",7,Cleaning Preparations
5697,"Tailors, Seamstresses, Mending, and Alterations",8,Clothing Stores
5655,Sports and Riding Apparel Stores,8,Clothing Stores
5611,Men’s and Boy’s Clothing and Accessory Stores,8,Clothing Stores
5641,Children’s and Infant’s Wear Stores,8,Clothing Stores
5691,Men’s and Women’s Clothing Stores,8,Clothing Stores
5631,Women’s Accessory and Specialty Stores,8,Clothing Stores
5651,Family Clothing Stores,8,Clothing Stores
5699,Miscellaneous Apparel and Accessory Stores,8,Clothing Stores
763,Agricultural Co-Operatives,9,Contracted Services
1750,Carpentry Contractors,9,Contracted Services
742,Veterinary Services,9,Contracted Services
1771,Concrete Work Contractors,9,Contracted Services
1761,"Roofing, Siding, and Sheet Metal Work Contractors",9,Contracted Services
1520,General Contractors - Residential and Commercial,9,Contracted Services
780,Landscaping and Horticultural Services,9,Contracted Services
1731,Electrical Contractors,9,Contracted Services
1711,"Heating, Plumbing, and Air Conditioning Contractors",9,Contracted Services
1740,"Masonry, Stonework, Tile-Setting, Plastering, and Insulation Contractors",9,Contracted Services
1799,Special Trade Contractors - Not Elsewhere Classified,9,Contracted Services
8299,Schools and Educational Services - Not Elsewhere Classified,10,Education
8241,Correspondence Schools,10,Education
8244,Business and Secretarial Schools,10,Education
8211,Elementary and Secondary Schools,10,Education
8220,"Colleges, Universities, Professional Schools, and Junior Colleges",10,Education
8249,Trade and Vocational Schools,10,Education
5542,Automated Fuel Dispensers,11,Gas Stations
5541,Service Stations (with or without Ancillary Services),11,Gas Stations
9211,Court Costs (including Alimony and Child Support),12,Government Services
9311,Tax Payments,12,Government Services
9222,Fines,12,Government Services
9402,Postal Services (Government Only),12,Government Services
9399,Government Services - Not Elsewhere Classified,12,Government Services
5944,Jewelry,18,High Risk Personal Retail
6211,Securities - Brokers and Dealers,18,High Risk Personal Retail
7230,Beauty and Barber Shops,18,High Risk Personal Retail
7261,Funeral Services,18,High Risk Personal Retail
5311,Department Stores,18,High Risk Personal Retail
5681,Furriers,18,High Risk Personal Retail
5698,Wig and Toupee Stores,18,High Risk Personal Retail
5621,Womens Ready To Wear Shoes,18,High Risk Personal Retail
5598,Snowmobile Dealers,18,High Risk Personal Retail
5661,Shoe Stores,18,High Risk Personal Retail
7277,Debt and Marriage Counseling Services,19,High Risk Personal Services
7273,Dating and Escort Services,19,High Risk Personal Services
7995,"Betting (including Lottery tickets, Casino gaming chips, Off-Track Betting, and wagers at Race Tracks)",19,High Risk Personal Services
5933,Pawn Shops,19,High Risk Personal Services
9223,Bail and Bond Payments,19,High Risk Personal Services
7297,Massage Parlors,19,High Risk Personal Services
3513,WESTIN HOTELS,13,Hotels and Motels
3528,RED LION INNS,13,Hotels and Motels
3536,AMFAC HOTELS,13,Hotels and Motels
3558,JOLLY HOTELS,13,Hotels and Motels
3620,TELFORD INTERNATIONAL,13,Hotels and Motels
3646,SWALLOW HOTELS,13,Hotels and Motels
3675,INTERHOTEL CEDOK,13,Hotels and Motels
3682,ALLSTAR INNS,13,Hotels and Motels
3736,COLORADO BELLE/EDGEWATER RESORT,13,Hotels and Motels
3529,CP HOTELS,13,Hotels and Motels
3699,MIDWAY MOTOR LODGE,13,Hotels and Motels
3688,COMPRI HOTELS,13,Hotels and Motels
3726,RIO SUITES,13,Hotels and Motels
3720,SOUTHERN SUN HOTELS,13,Hotels and Motels
3541,HOTEL OKURA,13,Hotels and Motels
3583,SAS HOTELS,13,Hotels and Motels
3639,MOUNT CHARLOTTE THISTLE,13,Hotels and Motels
3661,METROPOLE HOTELS,13,Hotels and Motels
3681,ADAMS MARK HOTELS,13,Hotels and Motels
3659,TAJ HOTELS INTERNATIONAL,13,Hotels and Motels
3707,SHONEY’S INNS,13,Hotels and Motels
3666,STAKIS HOTELS,13,Hotels and Motels
3537,ANA HOTEL,13,Hotels and Motels
3592,OMNI HOTELS,13,Hotels and Motels
3696,EXEL INNS,13,Hotels and Motels
3727,BROADMOOR HOTEL,13,Hotels and Motels
3745,ST. REGIS HOTEL,13,Hotels and Motels
3503,SHERATON HOTELS,13,Hotels and Motels
3577,MANDARIN ORIENTAL HOTEL,13,Hotels and Motels
3584,PRINCESS HOTELS INTERNATIONAL,13,Hotels and Motels
3655,SCANDIC HOTELS,13,Hotels and Motels
3671,ARCTIA HOTELS,13,Hotels and Motels
3705,SANDMAN INNS,13,Hotels and Motels
3711,FLAG INNS (AUSRALIA),13,Hotels and Motels
3685,BUDGETEL HOTELS,13,Hotels and Motels
3502,BEST WESTERN HOTELS,13,Hotels and Motels
3626,PRINCE HOTELS,13,Hotels and Motels
3575,VAGABOND HOTELS,13,Hotels and Motels
3581,DELTA HOTEL,13,Hotels and Motels
3574,VENTURE INNS,13,Hotels and Motels
3637,RAMADA LIMITED,13,Hotels and Motels
3643,STEIGENBERGER HOTELS,13,Hotels and Motels
3697,FARFIELD HOTELS,13,Hotels and Motels
3686,SUISSE CHALETS,13,Hotels and Motels
3688,COMPRI HOTELS,13,Hotels and Motels
3702,THE REGISTRY HOTELS,13,Hotels and Motels
3675,INTERHOTEL CEDOK,13,Hotels and Motels
3747,CLUBCORP/CLUB RESORTS,13,Hotels and Motels
3746,THE ELIOT HOTEL,13,Hotels and Motels
3709,SUPER8 MOTELS,13,Hotels and Motels
3510,DAYSTOP,13,Hotels and Motels
3509,MARRIOTT HOTELS,13,Hotels and Motels
3540,IBEROTEL HOTELS,13,Hotels and Motels
3603,NOAH’S HOTELS,13,Hotels and Motels
3638,HOWARD JOHNSON,13,Hotels and Motels
3668,MARITIM HOTELS,13,Hotels and Motels
3672,CAMPANIEL HOTELS,13,Hotels and Motels
3714,FOUR SEASONS HOTEL (AUSTRALIA),13,Hotels and Motels
3670,ARCARD HOTELS,13,Hotels and Motels
3508,QUALITY SUITES,13,Hotels and Motels
3530,RENAISSANCE HOTELS,13,Hotels and Motels
3533,HOTEL IBIS,13,Hotels and Motels
3552,COAST HOTELS,13,Hotels and Motels
3640,HYATT HOTEL,13,Hotels and Motels
3645,QUEENS MOAT HOUSES,13,Hotels and Motels
3692,DOUBLETREE HOTELS,13,Hotels and Motels
3696,EXEL INNS,13,Hotels and Motels
3700,MOTEL 6,13,Hotels and Motels
3672,CAMPANIEL HOTELS,13,Hotels and Motels
3739,WOODSIDE HOTELS AND RESORTS,13,Hotels and Motels
3622,MERLIN HOTELS,13,Hotels and Motels
3664,FLAG INN,13,Hotels and Motels
3702,THE REGISTRY HOTELS,13,Hotels and Motels
3687,CLARION HOTELS,13,Hotels and Motels
3668,MARITIM HOTELS,13,Hotels and Motels
3750,CROWNE PLAZA HOTELS,13,Hotels and Motels
3510,DAYS INN,13,Hotels and Motels
3542,ROYAL HOTELS,13,Hotels and Motels
3590,FAIRMONT HOTELS,13,Hotels and Motels
3593,CUNARD HOTELS,13,Hotels and Motels
3649,RADISSON HOTELS,13,Hotels and Motels
3673,IBUSZ HOTELS,13,Hotels and Motels
3722,WYNDHAM HOTEL AND RESORTS,13,Hotels and Motels
3725,SEAINES PLANATION,13,Hotels and Motels
3679,DANUBIUS HOTEL,13,Hotels and Motels
3661,METROPOLE HOTELS,13,Hotels and Motels
3658,OTANI HOTELS,13,Hotels and Motels
3694,ECONOMY INNS OF AMERICA,13,Hotels and Motels
3684,BUDGET HOST INNS,13,Hotels and Motels
3528,RED LION HOTELS,13,Hotels and Motels
3545,SHANGRI-LA INTERNATIONAL,13,Hotels and Motels
3635,RESO HOTELS,13,Hotels and Motels
3677,CLIMAT DE FRANCE HOTELS,13,Hotels and Motels
3660,KNIGHTS INNS,13,Hotels and Motels
3723,RICA HOTELS,13,Hotels and Motels
3719,PROTEA HOTELS,13,Hotels and Motels
3527,DOWNTOWNER-PASSPORT HOTEL,13,Hotels and Motels
3644,ECONO LODGES,13,Hotels and Motels
3654,LOEWS HOTELS,13,Hotels and Motels
3653,PENTA HOTELS,13,Hotels and Motels
3685,BUDGETEL HOTELS,13,Hotels and Motels
3693,DRURY INNS,13,Hotels and Motels
3677,CLIMAT DE FRANCE HOTELS,13,Hotels and Motels
3756,SOUTH SEAS RESORTS,13,Hotels and Motels
3732,OPRYLAND HOTEL,13,Hotels and Motels
3835,MASTERS ECONOMY INNS,13,Hotels and Motels
3741,MILLENIUM BROADWAY HOTEL,13,Hotels and Motels
3508,QUALITY INNS,13,Hotels and Motels
3507,FRIENDSHIP INNS,13,Hotels and Motels
3522,TOKYO HOTEL,13,Hotels and Motels
3534,SOUTHERN PACIFIC HOTELS,13,Hotels and Motels
3565,RELAX INNS,13,Hotels and Motels
3550,REGAL 8 INNS,13,Hotels and Motels
3637,RAMADA INNS,13,Hotels and Motels
3648,DE VERE HOTELS,13,Hotels and Motels
3657,OBEROI HOTELS,13,Hotels and Motels
3701,GUEST QUARTERS (Formally PICKETT SUITE HOTELS),13,Hotels and Motels
3715,FARIFIELD INN,13,Hotels and Motels
3706,SHILO INNS,13,Hotels and Motels
3737,RIVIERA HOTEL AND CASINO,13,Hotels and Motels
3740,TOWNPLACE SUITES,13,Hotels and Motels
3523,PENNSULA HOTEL,13,Hotels and Motels
3638,HO JO INN,13,Hotels and Motels
3659,TAJ HOTELS INTERNATIONAL,13,Hotels and Motels
3666,STAKIS HOTELS,13,Hotels and Motels
3688,COMPRI HOTELS,13,Hotels and Motels
3692,DOUBLETREE HOTELS,13,Hotels and Motels
3695,EMBASSY SUITES,13,Hotels and Motels
3681,ADAMS MARK HOTELS,13,Hotels and Motels
3673,IBUSZ HOTELS,13,Hotels and Motels
3519,PULLMAN INTERNATIONAL HOTELS,13,Hotels and Motels
3531,ASTIR HOTELS,13,Hotels and Motels
3532,SUN ROUTE HOTELS,13,Hotels and Motels
3586,SOKOS HOTELS,13,Hotels and Motels
3623,DORINT HOTELS,13,Hotels and Motels
3656,SARA HOTELS,13,Hotels and Motels
3688,COMPRI HOTELS,13,Hotels and Motels
3698,HARLEY HOTELS,13,Hotels and Motels
3713,QUALITY PACIFIC HOTEL,13,Hotels and Motels
3731,HARRAH’S HOTELS AND CASINOS,13,Hotels and Motels
3506,GOLDEN TULIP HOTELS,13,Hotels and Motels
3518,SOL HOTELS,13,Hotels and Motels
3612,MOVENPICK HOTELS,13,Hotels and Motels
3697,FARFIELD HOTELS,13,Hotels and Motels
3734,HARVEY/BRISTOL HOTELS,13,Hotels and Motels
3530,STOUFFER HOTELS,13,Hotels and Motels
3549,AUBERGE DES GOVERNEURS,13,Hotels and Motels
3572,MIYAKO HOTELS,13,Hotels and Motels
3573,SANDMAN HOTELS,13,Hotels and Motels
3665,HAMPTON INNS,13,Hotels and Motels
3686,SUISSE CHALETS,13,Hotels and Motels
3678,CUMULUS HOTELS,13,Hotels and Motels
3691,DILLION INNS,13,Hotels and Motels
3710,THE RITZ CARLTON HOTELS,13,Hotels and Motels
3517,AMERICANA HOTELS,13,Hotels and Motels
3563,JOURNEY’S END MOTLS,13,Hotels and Motels
3570,FORUM HOTELS,13,Hotels and Motels
3595,HOSPITALITY INTERNATIONAL,13,Hotels and Motels
3650,RED ROOK INNS,13,Hotels and Motels
3704,ROYCE HOTELS,13,Hotels and Motels
3712,GOLDEN CHAIN HOTEL,13,Hotels and Motels
3730,MGM GRAND HOTEL,13,Hotels and Motels
3729,JOHN ASCUAGA’S NUGGET,13,Hotels and Motels
3733,BOCA RATON RESORT,13,Hotels and Motels
3749,THE BEVERLY HILLS HOTEL,13,Hotels and Motels
3504,HILTON HOTELS,13,Hotels and Motels
3553,PARK INNS INTERNATIONAL,13,Hotels and Motels
3657,OBEROI HOTELS,13,Hotels and Motels
3694,ECONOMY INNS OF AMERICA,13,Hotels and Motels
3701,GUEST QUARTERS (Formally PICKETT SUITE HOTELS),13,Hotels and Motels
3695,EMBASSY SUITES,13,Hotels and Motels
3724,INER NOR HOTELS,13,Hotels and Motels
3742,CLUB MED,13,Hotels and Motels
3525,DUNFEY HOTELS,13,Hotels and Motels
3598,REGENT INTERNATIONAL HOTELS,13,Hotels and Motels
3615,TRAVELODGE,13,Hotels and Motels
3642,NOVOTEL HOTELS,13,Hotels and Motels
3690,COURTYARD BY MARRIOTT,13,Hotels and Motels
3544,CIGA HOTELS,13,Hotels and Motels
3633,RANK HOTELS,13,Hotels and Motels
3670,ARCARD HOTELS,13,Hotels and Motels
3674,RANTASIPI HOTELS,13,Hotels and Motels
3684,BUDGET HOST INNS,13,Hotels and Motels
3660,KNIGHTS INNS,13,Hotels and Motels
3693,DRURY INNS,13,Hotels and Motels
3751,HOMEWOOD SUITES,13,Hotels and Motels
3754,AMELIA ISLAND PLANATION,13,Hotels and Motels
3728,BALLY’S HOTEL AND CASINO,13,Hotels and Motels
3587,DORAL HOTELS,13,Hotels and Motels
3629,DAN HOTELS,13,Hotels and Motels
3689,CONSORT HOTELS,13,Hotels and Motels
3700,MOTEL 6,13,Hotels and Motels
3716,CARLTON HOTELS,13,Hotels and Motels
3682,ALLSTAR INNS,13,Hotels and Motels
3674,RANTASIPI HOTELS,13,Hotels and Motels
3755,THE HOMESTEAD,13,Hotels and Motels
3738,TROPICANA RESORT AND CASINO,13,Hotels and Motels
3501,HOLIDAY INNS,13,Hotels and Motels
3591,SONESTA HOTELS,13,Hotels and Motels
3599,PANNONIA HOTELS,13,Hotels and Motels
3658,OTANI HOTELS,13,Hotels and Motels
3691,DILLION INNS,13,Hotels and Motels
3717,CITY LODGE HOTELS,13,Hotels and Motels
3678,CUMULUS HOTELS,13,Hotels and Motels
3718,KAROS HOTELS,13,Hotels and Motels
3511,ARABELLA HOTELS,13,Hotels and Motels
3516,LA QUINTA MOTOR INNS,13,Hotels and Motels
3515,RODEWAY INNS,13,Hotels and Motels
3548,HOTELES MELIA,13,Hotels and Motels
3543,FOUR SEASONS HOTELS,13,Hotels and Motels
3562,COMFORT INNS,13,Hotels and Motels
3585,HUNGAR HOTELS,13,Hotels and Motels
3625,HOTLE UNIVERSALE,13,Hotels and Motels
3687,CLARION HOTELS,13,Hotels and Motels
3690,COURTYARD BY MARRIOTT,13,Hotels and Motels
3689,CONSORT HOTELS,13,Hotels and Motels
3721,HILTON CONRAD,13,Hotels and Motels
3748,WELESLEY INNS,13,Hotels and Motels
3505,FORTE HOTELS,13,Hotels and Motels
3512,INTER-CONTINENTAL HOTELS,13,Hotels and Motels
3588,HELMSLEY HOTELS,13,Hotels and Motels
3647,HUSA HOTELS,13,Hotels and Motels
3651,IMPERIAL LONDON HOTEL,13,Hotels and Motels
3656,SARA HOTELS,13,Hotels and Motels
3699,MIDWAY MOTOR LODGE,13,Hotels and Motels
3665,HAMPTON INNS,13,Hotels and Motels
3521,CREST HOTELS (see FORTE HOTELS),13,Hotels and Motels
3524,WELCOMGROUP HOTELS,13,Hotels and Motels
3520,MERIDIEN HOTELS,13,Hotels and Motels
3538,CONCORDE HOTELS,13,Hotels and Motels
3568,LADBROKE HOTELS,13,Hotels and Motels
3679,DANUBIUS HOTEL,13,Hotels and Motels
3743,BILTMORE HOTEL AND SUITES,13,Hotels and Motels
3579,HOTEL MERCURE,13,Hotels and Motels
3641,SOFITEL HOTELS,13,Hotels and Motels
3634,SWISSOTEL,13,Hotels and Motels
3636,SAROVA HOTELS,13,Hotels and Motels
3663,HOTELES EL PRESIDENTS,13,Hotels and Motels
3501,HOLIDAY INN EXPRESS,13,Hotels and Motels
3664,FLAG INN,13,Hotels and Motels
3663,HOTELES EL PRESIDENTS,13,Hotels and Motels
3753,GREENBRIAH RESORTS,13,Hotels and Motels
3744,CAREFREE RESORTS,13,Hotels and Motels
3535,HILTON INTERNATIONAL,13,Hotels and Motels
3652,EMBASSY HOTELS,13,Hotels and Motels
3698,HARLEY HOTELS,13,Hotels and Motels
3703,RESIDENCE INNS,13,Hotels and Motels
3671,ARCTIA HOTELS,13,Hotels and Motels
3752,PEABODY HOTELS,13,Hotels and Motels
3706,SHILO INNS,13,Hotels and Motels
3731,HARRAH’S HOTELS AND CASINOS,13,Hotels and Motels
3751,HOMEWOOD SUITES,13,Hotels and Motels
3745,ST. REGIS HOTEL,13,Hotels and Motels
3756,SOUTH SEAS RESORTS,13,Hotels and Motels
3750,CROWNE PLAZA HOTELS,13,Hotels and Motels
3748,WELESLEY INNS,13,Hotels and Motels
3747,CLUBCORP/CLUB RESORTS,13,Hotels and Motels
3705,SANDMAN INNS,13,Hotels and Motels
3730,MGM GRAND HOTEL,13,Hotels and Motels
3740,TOWNPLACE SUITES,13,Hotels and Motels
3754,AMELIA ISLAND PLANATION,13,Hotels and Motels
3713,QUALITY PACIFIC HOTEL,13,Hotels and Motels
3704,ROYCE HOTELS,13,Hotels and Motels
3709,SUPER8 MOTELS,13,Hotels and Motels
3755,THE HOMESTEAD,13,Hotels and Motels
3714,FOUR SEASONS HOTEL (AUSTRALIA),13,Hotels and Motels
3727,BROADMOOR HOTEL,13,Hotels and Motels
3726,RIO SUITES,13,Hotels and Motels
3737,RIVIERA HOTEL AND CASINO,13,Hotels and Motels
3736,COLORADO BELLE/EDGEWATER RESORT,13,Hotels and Motels
3835,MASTERS ECONOMY INNS,13,Hotels and Motels
3717,CITY LODGE HOTELS,13,Hotels and Motels
3752,PEABODY HOTELS,13,Hotels and Motels
3724,INER NOR HOTELS,13,Hotels and Motels
3721,HILTON CONRAD,13,Hotels and Motels
3718,KAROS HOTELS,13,Hotels and Motels
3720,SOUTHERN SUN HOTELS,13,Hotels and Motels
3738,TROPICANA RESORT AND CASINO,13,Hotels and Motels
3741,MILLENIUM BROADWAY HOTEL,13,Hotels and Motels
3734,HARVEY/BRISTOL HOTELS,13,Hotels and Motels
3719,PROTEA HOTELS,13,Hotels and Motels
3715,FARIFIELD INN,13,Hotels and Motels
3712,GOLDEN CHAIN HOTEL,13,Hotels and Motels
3739,WOODSIDE HOTELS AND RESORTS,13,Hotels and Motels
3753,GREENBRIAH RESORTS,13,Hotels and Motels
3733,BOCA RATON RESORT,13,Hotels and Motels
3729,JOHN ASCUAGA’S NUGGET,13,Hotels and Motels
3743,BILTMORE HOTEL AND SUITES,13,Hotels and Motels
3742,CLUB MED,13,Hotels and Motels
3744,CAREFREE RESORTS,13,Hotels and Motels
3732,OPRYLAND HOTEL,13,Hotels and Motels
3749,THE BEVERLY HILLS HOTEL,13,Hotels and Motels
3723,RICA HOTELS,13,Hotels and Motels
3711,FLAG INNS (AUSRALIA),13,Hotels and Motels
3703,RESIDENCE INNS,13,Hotels and Motels
3725,SEAINES PLANATION,13,Hotels and Motels
3707,SHONEY’S INNS,13,Hotels and Motels
3728,BALLY’S HOTEL AND CASINO,13,Hotels and Motels
3710,THE RITZ CARLTON HOTELS,13,Hotels and Motels
3746,THE ELIOT HOTEL,13,Hotels and Motels
3722,WYNDHAM HOTEL AND RESORTS,13,Hotels and Motels
3716,CARLTON HOTELS,13,Hotels and Motels
7011,"Lodging Hotels, Motels, and Resorts",13,Hotels and Motels
3501,HOLIDAY INNS,13,Hotels and Motels
3510,DAYS INN,13,Hotels and Motels
3508,QUALITY INNS,13,Hotels and Motels
3511,ARABELLA HOTELS,13,Hotels and Motels
3524,WELCOMGROUP HOTELS,13,Hotels and Motels
3530,RENAISSANCE HOTELS,13,Hotels and Motels
3531,ASTIR HOTELS,13,Hotels and Motels
3534,SOUTHERN PACIFIC HOTELS,13,Hotels and Motels
3523,PENNSULA HOTEL,13,Hotels and Motels
3533,HOTEL IBIS,13,Hotels and Motels
3528,RED LION INNS,13,Hotels and Motels
3550,REGAL 8 INNS,13,Hotels and Motels
3537,ANA HOTEL,13,Hotels and Motels
3584,PRINCESS HOTELS INTERNATIONAL,13,Hotels and Motels
3575,VAGABOND HOTELS,13,Hotels and Motels
3570,FORUM HOTELS,13,Hotels and Motels
3573,SANDMAN HOTELS,13,Hotels and Motels
3592,OMNI HOTELS,13,Hotels and Motels
3629,DAN HOTELS,13,Hotels and Motels
3637,RAMADA INNS,13,Hotels and Motels
3636,SAROVA HOTELS,13,Hotels and Motels
3650,RED ROOK INNS,13,Hotels and Motels
3653,PENTA HOTELS,13,Hotels and Motels
3648,DE VERE HOTELS,13,Hotels and Motels
3652,EMBASSY HOTELS,13,Hotels and Motels
3519,PULLMAN INTERNATIONAL HOTELS,13,Hotels and Motels
3535,HILTON INTERNATIONAL,13,Hotels and Motels
3545,SHANGRI-LA INTERNATIONAL,13,Hotels and Motels
3509,MARRIOTT HOTELS,13,Hotels and Motels
3520,MERIDIEN HOTELS,13,Hotels and Motels
3558,JOLLY HOTELS,13,Hotels and Motels
3572,MIYAKO HOTELS,13,Hotels and Motels
3577,MANDARIN ORIENTAL HOTEL,13,Hotels and Motels
3587,DORAL HOTELS,13,Hotels and Motels
3568,LADBROKE HOTELS,13,Hotels and Motels
3586,SOKOS HOTELS,13,Hotels and Motels
3622,MERLIN HOTELS,13,Hotels and Motels
3633,RANK HOTELS,13,Hotels and Motels
3593,CUNARD HOTELS,13,Hotels and Motels
3637,RAMADA LIMITED,13,Hotels and Motels
3635,RESO HOTELS,13,Hotels and Motels
3640,HYATT HOTEL,13,Hotels and Motels
3508,QUALITY SUITES,13,Hotels and Motels
3620,TELFORD INTERNATIONAL,13,Hotels and Motels
3625,HOTLE UNIVERSALE,13,Hotels and Motels
3638,HO JO INN,13,Hotels and Motels
3512,INTER-CONTINENTAL HOTELS,13,Hotels and Motels
3518,SOL HOTELS,13,Hotels and Motels
3553,PARK INNS INTERNATIONAL,13,Hotels and Motels
3645,QUEENS MOAT HOUSES,13,Hotels and Motels
3655,SCANDIC HOTELS,13,Hotels and Motels
3502,BEST WESTERN HOTELS,13,Hotels and Motels
3516,LA QUINTA MOTOR INNS,13,Hotels and Motels
3515,RODEWAY INNS,13,Hotels and Motels
3522,TOKYO HOTEL,13,Hotels and Motels
3530,STOUFFER HOTELS,13,Hotels and Motels
3542,ROYAL HOTELS,13,Hotels and Motels
3552,COAST HOTELS,13,Hotels and Motels
3634,SWISSOTEL,13,Hotels and Motels
3646,SWALLOW HOTELS,13,Hotels and Motels
3643,STEIGENBERGER HOTELS,13,Hotels and Motels
3501,HOLIDAY INN EXPRESS,13,Hotels and Motels
3591,SONESTA HOTELS,13,Hotels and Motels
3612,MOVENPICK HOTELS,13,Hotels and Motels
3647,HUSA HOTELS,13,Hotels and Motels
3641,SOFITEL HOTELS,13,Hotels and Motels
3579,HOTEL MERCURE,13,Hotels and Motels
3585,HUNGAR HOTELS,13,Hotels and Motels
3649,RADISSON HOTELS,13,Hotels and Motels
3517,AMERICANA HOTELS,13,Hotels and Motels
3527,DOWNTOWNER-PASSPORT HOTEL,13,Hotels and Motels
3562,COMFORT INNS,13,Hotels and Motels
3603,NOAH’S HOTELS,13,Hotels and Motels
3505,FORTE HOTELS,13,Hotels and Motels
3536,AMFAC HOTELS,13,Hotels and Motels
3528,RED LION HOTELS,13,Hotels and Motels
3626,PRINCE HOTELS,13,Hotels and Motels
3549,AUBERGE DES GOVERNEURS,13,Hotels and Motels
3540,IBEROTEL HOTELS,13,Hotels and Motels
3563,JOURNEY’S END MOTLS,13,Hotels and Motels
3538,CONCORDE HOTELS,13,Hotels and Motels
3548,HOTELES MELIA,13,Hotels and Motels
3623,DORINT HOTELS,13,Hotels and Motels
3525,DUNFEY HOTELS,13,Hotels and Motels
3654,LOEWS HOTELS,13,Hotels and Motels
3507,FRIENDSHIP INNS,13,Hotels and Motels
3638,HOWARD JOHNSON,13,Hotels and Motels
3644,ECONO LODGES,13,Hotels and Motels
3506,GOLDEN TULIP HOTELS,13,Hotels and Motels
3599,PANNONIA HOTELS,13,Hotels and Motels
3503,SHERATON HOTELS,13,Hotels and Motels
3504,HILTON HOTELS,13,Hotels and Motels
3510,DAYSTOP,13,Hotels and Motels
3574,VENTURE INNS,13,Hotels and Motels
3651,IMPERIAL LONDON HOTEL,13,Hotels and Motels
3541,HOTEL OKURA,13,Hotels and Motels
3581,DELTA HOTEL,13,Hotels and Motels
3615,TRAVELODGE,13,Hotels and Motels
3529,CP HOTELS,13,Hotels and Motels
3588,HELMSLEY HOTELS,13,Hotels and Motels
3639,MOUNT CHARLOTTE THISTLE,13,Hotels and Motels
3595,HOSPITALITY INTERNATIONAL,13,Hotels and Motels
3598,REGENT INTERNATIONAL HOTELS,13,Hotels and Motels
3532,SUN ROUTE HOTELS,13,Hotels and Motels
3521,CREST HOTELS (see FORTE HOTELS),13,Hotels and Motels
3544,CIGA HOTELS,13,Hotels and Motels
3565,RELAX INNS,13,Hotels and Motels
3590,FAIRMONT HOTELS,13,Hotels and Motels
3642,NOVOTEL HOTELS,13,Hotels and Motels
3543,FOUR SEASONS HOTELS,13,Hotels and Motels
3513,WESTIN HOTELS,13,Hotels and Motels
3583,SAS HOTELS,13,Hotels and Motels
5968,Direct Marketing - Continuity/Subscription Merchants,14,Mail Phone Order
5965,Direct Marketing - Catalog and Retail Merchants (both),14,Mail Phone Order
5967,Direct Marketing - Inbound Telemarketing Merchants,14,Mail Phone Order
5960,Direct Marketing - Insurance Services,14,Mail Phone Order
5962,Telemarketing - Travel-Related Arrangement Services,14,Mail Phone Order
5966,Direct Marketing - Outbound Telemarketing Merchants,14,Mail Phone Order
5964,Direct Marketing - Catalog Merchants,14,Mail Phone Order
5969,Direct Marketing - Not Elsewhere Classified,14,Mail Phone Order
5963,Door-To-Door Sales,14,Mail Phone Order
5832,"Antique Shops – Sales, Repairs, and Restoration Services",15,Miscellaneous Stores
5961,"Mail Order Houses Including Catalog Order Stores, Book/Record Clubs (No longer permitted for U.S. original presentments)",15,Miscellaneous Stores
5961,"Mail Order Houses Including Catalog Order Stores, Book/Record Clubs (No longer permitted for U.S. original presentments)",15,Miscellaneous Stores
5832,"Antique Shops – Sales, Repairs, and Restoration Services",15,Miscellaneous Stores
5733,"Music Stores - Musical Instruments, Pianos, and Sheet Music",15,Miscellaneous Stores
5712,"Furniture, Home Furnishings and Equipment Stores, and Furniture Manufacturers (except Appliances)",15,Miscellaneous Stores
5718,"Fireplaces, Fireplace Screens and Accessories Stores",15,Miscellaneous Stores
5734,Computer Software Stores,15,Miscellaneous Stores
5932,"Antique Shops - Sales, Repairs, and Restoration Services",15,Miscellaneous Stores
5946,Camera and Photographic Supply Stores,15,Miscellaneous Stores
5931,Used Merchandise and Secondhand Stores,15,Miscellaneous Stores
5935,Wrecking and Salvage Yards,15,Miscellaneous Stores
5976,Orthopedic Goods and Prosthetic Devices,15,Miscellaneous Stores
5940,Bicycle Shops - Sales and Service,15,Miscellaneous Stores
5950,Glassware and Crystal Stores,15,Miscellaneous Stores
5971,Art Dealers and Galleries,15,Miscellaneous Stores
5937,Antique Reproduction Stores,15,Miscellaneous Stores
5941,Sporting Goods Stores,15,Miscellaneous Stores
5945,"Hobby, Toy, and Game Stores",15,Miscellaneous Stores
5947,"Gift, Card, Novelty, and Souvenir Stores",15,Miscellaneous Stores
5949,"Sewing, Needlework, Fabric, and Piece Goods Stores",15,Miscellaneous Stores
5998,Tent and Awning Stores,15,Miscellaneous Stores
5943,"Stationery, Office, and School Supply Stores",15,Miscellaneous Stores
5978,"Typewriter Stores - Sales, Service, and Rentals",15,Miscellaneous Stores
5975,"Hearing Aids Sales, Service and Supplies",15,Miscellaneous Stores
5948,Luggage and Leather Goods Stores,15,Miscellaneous Stores
5996,"Swimming Pools - Sales, Supplies, and Services",15,Miscellaneous Stores
5995,"Pet Shops, Pet Food and Supplies",15,Miscellaneous Stores
5993,Cigar Stores and Stands,15,Miscellaneous Stores
5722,Household Appliance Stores,15,Miscellaneous Stores
5714,"Drapery, Window Covering, and Upholstery Stores",15,Miscellaneous Stores
5719,Miscellaneous Home Furnishings Specialty Stores,15,Miscellaneous Stores
5912,Drug Stores and Pharmacies,15,Miscellaneous Stores
5735,Record Stores,15,Miscellaneous Stores
5942,Book Stores,15,Miscellaneous Stores
5972,Stamp and Coin Stores,15,Miscellaneous Stores
5977,Cosmetic Stores,15,Miscellaneous Stores
5994,News Dealers and Newsstands,15,Miscellaneous Stores
5997,Electric Razor Stores - Sales and Service,15,Miscellaneous Stores
5921,"Package Stores - Beer, Wine, and Liquor",15,Miscellaneous Stores
5973,Religious Goods Stores,15,Miscellaneous Stores
5992,Florists,15,Miscellaneous Stores
5713,Floor Covering Stores,15,Miscellaneous Stores
5999,Miscellaneous and Specialty Retail,15,Miscellaneous Stores
5970,Artist Supply and Craft Stores,15,Miscellaneous Stores
5732,Electronics Stores,15,Miscellaneous Stores
7221,Photographic Studios,16,Personal Services
7276,Tax Preparation Services,16,Personal Services
7216,Dry Cleaners,16,Personal Services
7296,"Clothing Rental - Costumes, Uniforms, and Formal Wear",16,Personal Services
7211,Laundry Services (Family and Commercial),16,Personal Services
7210,"Laundry, Cleaning and Garment Services",16,Personal Services
7298,Health and Beauty Spas,16,Personal Services
7299,Miscellaneous Personal Services - Not Elsewhere Classified,16,Personal Services
7217,Carpet and Upholstery Cleaning,16,Personal Services
7278,Buying and Shopping Services and Clubs,16,Personal Services
7251,"Shoe Repair Shops, Shoe Shine Parlors, and Hat Cleaning Shops",16,Personal Services
6381,"Insurance Premiums, (no longer valid for first presentment work)",17,Professional Services
6399,"Insurance, Not Elsewhere Classified ( no longer valid for first presentment work)",17,Professional Services
6381,"Insurance Premiums, (no longer valid for first presentment work)",17,Professional Services
6399,"Insurance, Not Elsewhere Classified ( no longer valid for first presentment work)",17,Professional Services
8041,Chiropractors,17,Professional Services
8071,Medical and Dental Laboratories,17,Professional Services
8911,"Architectural, Engineering, and Surveying Services",17,Professional Services
8351,Child Care Services,17,Professional Services
8050,Nursing and Personal Care Facilities,17,Professional Services
8734,Testing Laboratories - Non-Medical,17,Professional Services
6300,"Insurance Sales, Underwriting, and Premiums",17,Professional Services
8042,Optometrists and Ophthalmologists,17,Professional Services
8111,Legal Services and Attorneys,17,Professional Services
8099,Medical Services and Health Practitioners - Not Elsewhere Classified,17,Professional Services
8999,Professional Services - Not Elsewhere Classified,17,Professional Services
8021,Dentists and Orthodontists,17,Professional Services
8031,Osteopaths,17,Professional Services
8043,"Opticians, Optical Goods, and Eyeglasses",17,Professional Services
8049,Podiatrists and Chiropodists,17,Professional Services
8011,Doctors and Physicians - Not Elsewhere Classified,17,Professional Services
8931,"Accounting, Auditing, and Bookkeeping Services",17,Professional Services
8062,Hospitals,17,Professional Services
2791,"Typesetting, Platemaking, and Related Services",20,Publishing Services
2741,Miscellaneous Publishing and Printing Services,20,Publishing Services
7535,Automotive Paint Shops,21,Repair Services
7641,"Furniture - Re-Upholstery, Repair, and Refinishing",21,Repair Services
7538,Automotive Service Shops (Non-Dealer),21,Repair Services
7699,Miscellaneous Repair Shops and Related Services,21,Repair Services
7531,Automotive Body Repair Shops,21,Repair Services
7549,Towing Services,21,Repair Services
7623,Air Conditioning and Refrigeration Repair Shops,21,Repair Services
7542,Car Washes,21,Repair Services
7692,Welding Services,21,Repair Services
7622,Electronics Repair Shops,21,Repair Services
7534,Tire Re-Treading and Repair Shops,21,Repair Services
7629,Electrical and Small Appliance Repairs,21,Repair Services
7631,"Watch, Clock, and Jewelry Repair Shops",21,Repair Services
5814,Fast Food Restaurants,22,Restaurants
5813,"Drinking Places (Alcoholic Beverages) - Bars, Taverns, Nightclubs, Cocktail Lounges, and Discotheques",22,Restaurants
5811,Caterers,22,Restaurants
5812,"Eating Places, and Restaurants",22,Restaurants
5309,Duty Free Stores,23,Retail Stores
5310,Discount Stores,23,Retail Stores
5422,Freezer and Locker Meat Provisioners,23,Retail Stores
5451,Dairy Products Stores,23,Retail Stores
5411,Grocery Stores and Supermarkets,23,Retail Stores
5499,Miscellaneous Food Stores - Convenience Stores and Specialty Markets,23,Retail Stores
5211,Lumber and Building Materials Stores,23,Retail Stores
5399,Miscellaneous General Merchandise,23,Retail Stores
5331,Variety Stores,23,Retail Stores
5300,Wholesale Clubs,23,Retail Stores
5200,Home Supply Warehouse Stores,23,Retail Stores
5231,"Glass, Paint, and Wallpaper Stores",23,Retail Stores
5261,Lawn and Garden Supply Stores (including Nurseries),23,Retail Stores
5271,Mobile Home Dealers,23,Retail Stores
5251,Hardware Stores,23,Retail Stores
5441,"Candy, Nut, and Confectionery Stores",23,Retail Stores
5462,Bakeries,23,Retail Stores
6010,Financial Institutions - Manual Cash Disbursements,24,Service Providers
6012,Financial Institutions - Merchandise and Services,24,Service Providers
6051,"Non Financial Institutions - Foreign Currency, Money Orders, Scrip, and Travelers’ Checks (not Wire Transfers)",24,Service Providers
4829,Wire Transfers and Money Orders,24,Service Providers
6011,Financial Institutions - Automated Cash Disbursements,24,Service Providers
4812,Telecommunication Equipment and Telephone Sales,25,Telecom and Data Utilities
4816,Comp Network/Information Services,25,Telecom and Data Utilities
4815,Monthly Summary Telephone Charges,25,Telecom and Data Utilities
4814,"Telecommunications Services - Local and Long Distance Calls), Credit Card Calls, Calls Through use of Magnetic-Stripe-Reading",25,Telecom and Data Utilities
3427,AVON RENT-A-CAR,26,Transportation
3431,REPLACEMENT RENT-A-CAR,26,Transportation
3387,ALAMO RENT-A-CAR,26,Transportation
3381,EUROP CAR,26,Transportation
3396,TILDEN TENT-A-CAR,26,Transportation
3352,AMERICAN INTL RENT-A-CAR,26,Transportation
3370,RENT-A-WRECK,26,Transportation
3419,ALPHA RENT-A-CAR,26,Transportation
3390,DOLLAR RENT-A-CAR,26,Transportation
4723,Package Tour Operators (For use in Germany only),26,Transportation
3361,AIRWAYS RENT-A-CAR,26,Transportation
3394,KEMWELL GROUP RENT-A-CAR,26,Transportation
3439,MILLEVILLE RENT-A-CAR,26,Transportation
3435,VALUE RENT-A-CAR,26,Transportation
3433,UGLY DUCKLING RENT-A-CAR,26,Transportation
3414,GODFREY NATL RENT-A-CAR,26,Transportation
3409,GENERAL RENT-A-CAR,26,Transportation
3438,INTERENT RENT-A-CAR,26,Transportation
3437,CITE RENT-A-CAR,26,Transportation
3351,AFFILIATED AUTO RENTAL,26,Transportation
3362,ALTRA AUTO RENTAL,26,Transportation
3395,THRIFTY RENT-A-CAR,26,Transportation
3420,ANSA INTL RENT-A-CAR,26,Transportation
3412,A-1 RENT-A-CAR,26,Transportation
3429,INSURANCE RENT-A-CAR,26,Transportation
3436,AUTOHANSA RENT-A-CAR,26,Transportation
3368,HOLIDAY RENT-A-WRECK,26,Transportation
3366,BUDGET RENT-A-CAR,26,Transportation
3423,AVCAR RENT-A-CAR,26,Transportation
3400,AUTO HOST COST CAR RENTALS,26,Transportation
3421,ALLSTAE RENT-A-CAR,26,Transportation
3428,CAREY RENT-A-CAR,26,Transportation
3430,MAJOR RENT-A-CAR,26,Transportation
3385,TROPICAL RENT-A-CAR,26,Transportation
3391,EUROPE BY CAR,26,Transportation
3434,USA RENT-A-CAR,26,Transportation
3364,AGENCY RENT-A-CAR,26,Transportation
3389,AVIS RENT-A-CAR,26,Transportation
3359,PAYLESS CAR RENTAL,26,Transportation
3425,AUTOMATE RENT-A-CAR,26,Transportation
3393,NATIONAL CAR RENTAL,26,Transportation
3398,ECONO-CAR RENT-A-CAR,26,Transportation
3354,ACTION AUTO RENTAL,26,Transportation
3386,SHOWCASE RENTAL CARS,26,Transportation
3376,AJAX RENT-A-CAR,26,Transportation
3432,RESERVE RENT-A-CAR,26,Transportation
3360,SNAPPY CAR RENTAL,26,Transportation
3405,ENTERPRISE RENT-A-CAR,26,Transportation
3440,VIA ROUTE RENT-A-CAR,26,Transportation
3353,BROOKS RENT-A-CAR,26,Transportation
3357,HERTZ RENT-A-CAR,26,Transportation
4723,Package Tour Operators (For use in Germany only),26,Transportation
3359,PAYLESS CAR RENTAL,26,Transportation
3354,ACTION AUTO RENTAL,26,Transportation
3395,THRIFTY RENT-A-CAR,26,Transportation
3385,TROPICAL RENT-A-CAR,26,Transportation
3368,HOLIDAY RENT-A-WRECK,26,Transportation
3429,INSURANCE RENT-A-CAR,26,Transportation
3438,INTERENT RENT-A-CAR,26,Transportation
4582,"Airports, Flying Fields, and Airport Terminals",26,Transportation
3430,MAJOR RENT-A-CAR,26,Transportation
3425,AUTOMATE RENT-A-CAR,26,Transportation
3409,GENERAL RENT-A-CAR,26,Transportation
3439,MILLEVILLE RENT-A-CAR,26,Transportation
4468,"Marinas, Marine Service, and Supplies",26,Transportation
4111,Local and Suburban Commuter Passenger Transportation (including Ferries),26,Transportation
4215,"Courier Services - Air and Ground, and Freight Forwarders",26,Transportation
4214,"Motor Freight Carriers and Trucking - Local and Long Distance, Moving and Storage Companies, and Local Delivery",26,Transportation
3353,BROOKS RENT-A-CAR,26,Transportation
3357,HERTZ RENT-A-CAR,26,Transportation
3391,EUROPE BY CAR,26,Transportation
3427,AVON RENT-A-CAR,26,Transportation
3423,AVCAR RENT-A-CAR,26,Transportation
4011,Railroads,26,Transportation
3360,SNAPPY CAR RENTAL,26,Transportation
3386,SHOWCASE RENTAL CARS,26,Transportation
7523,Parking Lots and Garages,26,Transportation
3351,AFFILIATED AUTO RENTAL,26,Transportation
3393,NATIONAL CAR RENTAL,26,Transportation
3390,DOLLAR RENT-A-CAR,26,Transportation
3389,AVIS RENT-A-CAR,26,Transportation
4457,Boat Rentals and Leasing,26,Transportation
3396,TILDEN TENT-A-CAR,26,Transportation
3366,BUDGET RENT-A-CAR,26,Transportation
3435,VALUE RENT-A-CAR,26,Transportation
4225,"Public Warehousing and Storage - Farm Products, Refrigerated Goods, and Household Goods",26,Transportation
3432,RESERVE RENT-A-CAR,26,Transportation
3428,CAREY RENT-A-CAR,26,Transportation
3420,ANSA INTL RENT-A-CAR,26,Transportation
4722,Travel Agencies and Tour Operators,26,Transportation
4121,Taxicabs and Limousines,26,Transportation
3419,ALPHA RENT-A-CAR,26,Transportation
3431,REPLACEMENT RENT-A-CAR,26,Transportation
3381,EUROP CAR,26,Transportation
3398,ECONO-CAR RENT-A-CAR,26,Transportation
3387,ALAMO RENT-A-CAR,26,Transportation
3436,AUTOHANSA RENT-A-CAR,26,Transportation
3414,GODFREY NATL RENT-A-CAR,26,Transportation
3405,ENTERPRISE RENT-A-CAR,26,Transportation
3412,A-1 RENT-A-CAR,26,Transportation
3440,VIA ROUTE RENT-A-CAR,26,Transportation
3433,UGLY DUCKLING RENT-A-CAR,26,Transportation
4789,Transportation Services - Not Elsewhere Classified,26,Transportation
3434,USA RENT-A-CAR,26,Transportation
4131,Bus Lines,26,Transportation
3394,KEMWELL GROUP RENT-A-CAR,26,Transportation
4784,Tolls and Bridge Fees,26,Transportation
3362,ALTRA AUTO RENTAL,26,Transportation
3361,AIRWAYS RENT-A-CAR,26,Transportation
3364,AGENCY RENT-A-CAR,26,Transportation
3352,AMERICAN INTL RENT-A-CAR,26,Transportation
3400,AUTO HOST COST CAR RENTALS,26,Transportation
4119,Ambulance Services,26,Transportation
3370,RENT-A-WRECK,26,Transportation
4112,Passenger Railways,26,Transportation
3376,AJAX RENT-A-CAR,26,Transportation
3421,ALLSTAE RENT-A-CAR,26,Transportation
3437,CITE RENT-A-CAR,26,Transportation
4821,Telegraph Services,27,Utilities
4900,"Utilities - Electric, Gas, Water, and Sanitary",27,Utilities
4899,Cable and Other Pay Television Services,27,Utilities
5983,"Fuel Dealers - Fuel Oil, Wood, Coal, and Liquefied Petroleum",27,Utilities
744,Champagne Producers,28,Wholesale Trade
5085,5 Industrial Supplies - Not Elsewhere Classified,28,Wholesale Trade
5047,"Dental, Laboratory, Medical, and Ophthalmic Hospital Equipment and Supplies",28,Wholesale Trade
5046,Commercial Equipment - Not Elsewhere Classified,28,Wholesale Trade
5198,"Paints, Varnishes, and Supplies",28,Wholesale Trade
5137,"Men’s, Women’s, and Children’s Uniforms and Commercial Clothing",28,Wholesale Trade
5131,"Piece Goods, Notions, and Other Dry Goods",28,Wholesale Trade
5199,Non-Durable Goods - Not Elsewhere Classified,28,Wholesale Trade
5065,Electrical Parts and Equipment,28,Wholesale Trade
5172,Petroleum and Petroleum Products,28,Wholesale Trade
5111,"Stationery, Office Supplies, Printing and Writing Paper",28,Wholesale Trade
5044,"Office, Photographic, Photocopy, and Microfilm Equipment",28,Wholesale Trade
5045,"Computers, Computer Peripheral Equipment, and Software",28,Wholesale Trade
5193,"Florists’ Supplies, Nursery Stock, and Flowers",28,Wholesale Trade
5169,Chemicals and Allied Products - Not Elsewhere Classified,28,Wholesale Trade
5072,Hardware Equipment and Supplies,28,Wholesale Trade
743,Wine Producers,28,Wholesale Trade
5094,"Precious Stones and Metals, Watches, and Jewelry",28,Wholesale Trade
5099,Durable Goods - Not Elsewhere Classified,28,Wholesale Trade
5039,Construction Materials - Not Elsewhere Classified,28,Wholesale Trade
5074,Plumbing and Heating Equipment and Supplies,28,Wholesale Trade
5192,"Books, Periodicals, and Newspapers",28,Wholesale Trade
5715,5 Alcoholic Beverage Wholesalers,28,Wholesale Trade
5051,Metal Service Centers and Offices,28,Wholesale Trade
5139,Commercial Footwear,28,Wholesale Trade
5122,"Drugs, Drug Proprietors, and Druggists’ Sundries",28,Wholesale Trade
5021,Office and Commercial Furniture,28,Wholesale Trade
